curriculum,school_level,grade,semester,publisher,representative_author,textbook_title,edition_status,works_status,source_status,priority,notes
2022,middle,1,1,동아출판,남궁민,국어 1-1,confirmed,complete,official_confirmed,high,"교과서 전 지문 수록 평가문제집 목차로 단원 구조와 문학·수필 제재 수집"
2022,middle,1,2,동아출판,남궁민,국어 1-2,confirmed,complete,official_confirmed,high,"교과서 전 지문 수록 평가문제집 목차로 단원 구조와 문학·수필 제재 수집"
2022,middle,1,1,미래엔,신유식,국어 1-1,confirmed,complete,official_confirmed,high,"미래엔 공식 판본 + 평가문제집/올리드 목차로 주요 문학 제재 수집"
2022,middle,1,2,미래엔,신유식,국어 1-2,confirmed,complete,official_confirmed,high,"미래엔 공식 판본 + 평가문제집 목차로 주요 문학 제재 수집"
2022,middle,1,1,미래엔,민병곤,국어 1-1,confirmed,complete,official_confirmed,high,"미래엔 공식 교과서 페이지로 판본 확인, 자사/연계 평가문제집·강의 목차로 주요 문학 제재 수집"
2022,middle,1,2,미래엔,민병곤,국어 1-2,confirmed,complete,official_confirmed,high,"미래엔 공식 교과서 페이지로 판본 확인, 평가문제집 목차로 주요 문학 제재 수집"
2022,middle,1,1,비상교육,박현숙,국어 1-1,confirmed,complete,official_confirmed,high,"비상 공식 교과서·자습서와 교과서편 자료로 주요 문학 제재 수집"
2022,middle,1,2,비상교육,박현숙,국어 1-2,confirmed,complete,official_confirmed,high,"비상 공식 교과서·자습서 및 연계 강의목차로 주요 문학·영상 제재 수집"
2022,middle,1,1,비상교육,박영민,국어 1-1,confirmed,complete,official_confirmed,medium,"한끝/온리원 강의목차와 제재 정보로 문학 작품 수집"
2022,middle,1,2,비상교육,박영민,국어 1-2,confirmed,complete,official_confirmed,medium,"한끝 교과서편 목차에서 주요 문학·설화 제재 수집"
2022,middle,1,1,지학사,서혁,국어 1-1,confirmed,complete,official_confirmed,high,"공식 자습서 목차 + 10종 문학 작품 목록으로 본문/활동 작품 수집"
2022,middle,1,2,지학사,서혁,국어 1-2,confirmed,complete,official_confirmed,high,"공식 자습서 목차 + 10종 문학 작품 목록으로 본문/활동 작품 수집"
2022,middle,1,1,창비교육,이도영,국어 1-1,confirmed,complete,official_confirmed,high,"공식 교과서 목록 + 공개 교과서 차례·본문으로 문학·서사·영상 제재 수집"
2022,middle,1,2,창비교육,이도영,국어 1-2,confirmed,complete,official_confirmed,high,"공식 교과서 목록 + 공개 교과서 차례·본문으로 문학·서사·영상 제재 수집"
2022,middle,1,1,천재교과서,노미숙,국어 1-1,confirmed,complete,official_confirmed,high,"체크체크 교과서편 목차에서 본문·한걸음더 문학 제재 수집"
2022,middle,1,2,천재교과서,노미숙,국어 1-2,confirmed,complete,official_confirmed,high,"체크체크 교과서편 목차에서 주요 문학 제재 수집"
2022,middle,1,1,천재교과서,정호웅,국어 1-1,confirmed,complete,official_confirmed,high,"체크체크 교과서편 목차에서 본문·보조 문학 제재 수집"
2022,middle,1,2,천재교과서,정호웅,국어 1-2,confirmed,complete,official_confirmed,high,"천재 자습서/체크체크 목차에서 본문·보조 문학 제재 수집"
2022,middle,1,1,해냄에듀,강양희,국어 1-1,confirmed,complete,publisher_confirmed,high,"교과서용 자습서 목차에서 단원 구조와 문학·서사 제재 수집"
2022,middle,1,2,해냄에듀,강양희,국어 1-2,confirmed,complete,publisher_confirmed,high,"교과서용 자습서 목차에서 단원 구조와 문학·영상 제재 수집"
2022,middle,2,1,동아출판,남궁민,국어 2-1,confirmed,partial,official_confirmed,high,"2-1 강의목차로 단원 일부 확인; 작품/전체 단원 추가 검수 필요"
2022,middle,2,2,동아출판,남궁민,국어 2-2,confirmed,partial,official_confirmed,high,"KOBIC 자습서 목차로 4개 대단원 구조 확인; 작품명 공개 근거 추가 필요"
2022,middle,2,1,미래엔,신유식,국어 2-1,confirmed,complete,official_confirmed,high,"올리드 목차로 단원 구조와 주요 문학 제재 수집"
2022,middle,2,2,미래엔,신유식,국어 2-2,confirmed,complete,official_confirmed,high,"올리드 목차로 단원 구조와 주요 문학 제재 수집"
2022,middle,2,1,미래엔,민병곤,국어 2-1,confirmed,complete,official_confirmed,high,"평가문제집 상세 목차에서 나무와 그림자·목요일엔 떡볶이를 제재 확인"
2022,middle,2,2,미래엔,민병곤,국어 2-2,confirmed,complete,official_confirmed,high,"올리드 목차 + 문학 제재 자료로 수난이대·가난한 사랑 노래 수집"
2022,middle,2,1,비상교육,박현숙,국어 2-1,confirmed,complete,official_confirmed,high,"한끝 목차에서 단원 구조와 문학 제재 수집"
2022,middle,2,2,비상교육,박현숙,국어 2-2,confirmed,complete,official_confirmed,high,"비상 공식 한끝 목차에서 문학·표현 제재 수집"
2022,middle,2,1,비상교육,박영민,국어 2-1,confirmed,complete,official_confirmed,high,"한끝 목차에서 단원 구조와 주요 문학 제재 수집"
2022,middle,2,2,비상교육,박영민,국어 2-2,confirmed,complete,official_confirmed,high,"한끝 목차에서 단원 구조와 수난이대 제재 수집"
2022,middle,2,1,지학사,서혁,국어 2-1,confirmed,complete,official_confirmed,high,"지학사 공식 교과서/자습서로 단원 구조와 주요 문학·영상 제재 수집"
2022,middle,2,2,지학사,서혁,국어 2-2,confirmed,complete,official_confirmed,high,"지학사 공식 교과서/자습서로 단원 구조와 주요 문학·영상 제재 수집"
2022,middle,2,1,창비교육,이도영,국어 2-1,confirmed,complete,official_confirmed,high,"공개 교과서 전문으로 단원 구조와 주요 문학 제재 직접 검증"
2022,middle,2,2,창비교육,이도영,국어 2-2,confirmed,complete,official_confirmed,high,"공개 교과서 전문으로 홍길동전 및 사회·문화적 상황 학습활동 직접 검증"
2022,middle,2,1,천재교과서,노미숙,국어 2-1,confirmed,complete,official_confirmed,high,"체크체크 목차에서 본문·한걸음더 문학 제재 수집"
2022,middle,2,2,천재교과서,노미숙,국어 2-2,confirmed,complete,official_confirmed,high,"체크체크 목차에서 문학·사회 제재 수집"
2022,middle,2,1,천재교과서,정호웅,국어 2-1,confirmed,complete,official_confirmed,high,"체크체크 목차에서 화자·서술자 문학 제재 수집"
2022,middle,2,2,천재교과서,정호웅,국어 2-2,confirmed,complete,official_confirmed,high,"체크체크 목차에서 문학과 사회 제재 수집"
2022,middle,2,1,해냄에듀,강양희,국어 2-1,confirmed,complete,publisher_confirmed,high,"자습서/평가문제집 목차에서 단원 구조와 문학 제재 수집"
2022,middle,2,2,해냄에듀,강양희,국어 2-2,confirmed,complete,publisher_confirmed,high,"출판유통통합전산망 자습서 목차에서 단원 구조와 주요 문학 제재 수집"
