textbook_id,unit_no,subunit_no,standard_id,mapping_type,confidence,basis
"kr-2022-middle-1-1-visang-parkhyunsook","1","1-1","9국05-01","inferred_unit_alignment","high","소단원명이 운율·비유·상징 또는 시의 표현을 직접 다룸"
"kr-2022-middle-1-2-visang-parkhyunsook","1","1-1","9국05-03","inferred_unit_alignment","high","소단원명이 문학 속 인간의 성장을 직접 다룸"
"kr-2022-middle-1-1-jihak-seohyeok","1","1-1","9국05-01","inferred_unit_alignment","high","소단원명이 운율·비유·상징 또는 시의 표현을 직접 다룸"
"kr-2022-middle-1-1-jihak-seohyeok","1","1-2","9국05-01","inferred_unit_alignment","high","소단원명이 운율·비유·상징 또는 시의 표현을 직접 다룸"
"kr-2022-middle-1-1-jihak-seohyeok","4","4-1","9국05-02","inferred_unit_alignment","high","소단원명이 문학 갈등을 직접 다룸"
"kr-2022-middle-1-2-jihak-seohyeok","1","1-1","9국05-03","inferred_unit_alignment","high","소단원명이 문학 속 인간의 성장을 직접 다룸"
"kr-2022-middle-1-1-changbi-leedoyoung","1","1-1","9국05-01","inferred_unit_alignment","high","소단원명이 운율·비유·상징 또는 시의 표현을 직접 다룸"
"kr-2022-middle-1-1-changbi-leedoyoung","3","3-1","9국05-03","inferred_unit_alignment","high","소단원명이 문학 속 인간의 성장을 직접 다룸"
"kr-2022-middle-1-2-changbi-leedoyoung","2","2-1","9국05-02","inferred_unit_alignment","high","소단원명이 문학 갈등을 직접 다룸"
"kr-2022-middle-1-1-haenaem-kangyanghee","1","1-1","9국05-01","inferred_unit_alignment","high","소단원명이 운율·비유·상징 또는 시의 표현을 직접 다룸"
"kr-2022-middle-1-1-haenaem-kangyanghee","1","1-2","9국05-01","inferred_unit_alignment","high","소단원명이 운율·비유·상징 또는 시의 표현을 직접 다룸"
"kr-2022-middle-1-1-haenaem-kangyanghee","3","3-1","9국05-03","inferred_unit_alignment","high","소단원명이 문학 속 인간의 성장을 직접 다룸"
"kr-2022-middle-1-2-haenaem-kangyanghee","1","1-1","9국05-02","inferred_unit_alignment","high","소단원명이 문학 갈등을 직접 다룸"
"kr-2022-middle-1-1-donga-namgungmin","4","4-1","9국05-03","inferred_unit_alignment","high","소단원명이 문학 속 인간의 성장을 직접 다룸"
"kr-2022-middle-1-2-donga-namgungmin","2","2-1","9국05-02","inferred_unit_alignment","high","소단원명이 문학 갈등을 직접 다룸"
"kr-2022-middle-1-1-miraen-minbyeonggon","1","1-1","9국05-01","inferred_unit_alignment","high","소단원명이 운율·비유·상징 또는 시의 표현을 직접 다룸"
"kr-2022-middle-1-1-miraen-minbyeonggon","1","1-2","9국05-01","inferred_unit_alignment","high","소단원명이 운율·비유·상징 또는 시의 표현을 직접 다룸"
"kr-2022-middle-1-1-miraen-minbyeonggon","4","4-1","9국05-03","inferred_unit_alignment","high","소단원명이 문학 속 인간의 성장을 직접 다룸"
"kr-2022-middle-1-2-miraen-minbyeonggon","1","1-1","9국05-02","inferred_unit_alignment","high","소단원명이 문학 갈등을 직접 다룸"
"kr-2022-middle-1-1-visang-parkyoungmin","4","4-1","9국05-03","inferred_unit_alignment","high","소단원명이 문학 속 인간의 성장을 직접 다룸"
"kr-2022-middle-1-2-visang-parkyoungmin","3","3-1","9국05-02","inferred_unit_alignment","high","소단원명이 문학 갈등을 직접 다룸"
"kr-2022-middle-1-1-chunjae-nomisuk","1","1-1","9국05-01","inferred_unit_alignment","high","소단원명이 운율·비유·상징 또는 시의 표현을 직접 다룸"
"kr-2022-middle-1-1-chunjae-nomisuk","4","4-1","9국05-02","inferred_unit_alignment","high","소단원명이 문학 갈등을 직접 다룸"
"kr-2022-middle-2-1-jihak-seohyeok","1","1-1","9국05-04","inferred_unit_alignment","high","소단원명이 화자·서술자·시점 요소를 직접 다룸"
"kr-2022-middle-2-1-jihak-seohyeok","1","1-2","9국05-04","inferred_unit_alignment","high","소단원명이 화자·서술자·시점 요소를 직접 다룸"
