work_id,work_title,work_author,textbook_id,publisher,representative_author,semester,unit_no,subunit_no,standard_id,mapping_type,confidence
"small-silver-fish-kim-sunwoo","작지만 온몸인 은빛 물고기처럼","김선우","kr-2022-middle-2-1-jihak-seohyeok","지학사","서혁","1","1","1-1","9국05-04","inferred_unit_alignment","high"
"camellia-kim-yujeong","동백꽃","김유정","kr-2022-middle-2-1-jihak-seohyeok","지학사","서혁","1","1","1-2","9국05-04","inferred_unit_alignment","high"
"mom-worry-gi-hyeongdo","엄마 걱정","기형도","kr-2022-middle-2-1-haenaem-kangyanghee","해냄에듀","강양희","1","1","1-1","9국05-04","inferred_unit_alignment","high"
"island-baby-lee-geumyi","아일랜드 베이비","이금이","kr-2022-middle-2-1-haenaem-kangyanghee","해냄에듀","강양희","1","1","1-1","9국05-04","inferred_unit_alignment","high"
"dog-of-flanders-ouida","플랜더스의 개","위다","kr-2022-middle-2-1-haenaem-kangyanghee","해냄에듀","강양희","1","1","1-1","9국05-04","inferred_unit_alignment","high"
"small-seed-park-namjun","작은 씨앗","박남준","kr-2022-middle-2-1-changbi-leedoyoung","창비교육","이도영","1","1","1-1","9국05-04","inferred_unit_alignment","high"
"camellia-kim-yujeong","동백꽃","김유정","kr-2022-middle-2-1-changbi-leedoyoung","창비교육","이도영","1","1","1-1","9국05-04","inferred_unit_alignment","high"
"tree-and-shadow-byeon-eungyeong","나무와 그림자","변은경","kr-2022-middle-2-1-miraen-minbyeonggon","미래엔","민병곤","1","1","1-1","9국05-04","inferred_unit_alignment","high"
"tteokbokki-on-thursday-mun-iso","목요일엔 떡볶이를","문이소","kr-2022-middle-2-1-miraen-minbyeonggon","미래엔","민병곤","1","1","1-2","9국05-04","inferred_unit_alignment","high"
"train-ran-lee-oksu","기차가 달려간 곳에는","이옥수","kr-2022-middle-2-1-visang-parkhyunsook","비상교육","박현숙","1","1","1-2","9국05-04","inferred_unit_alignment","high"
"fishy-smell-ham-minbok","비린내라뇨!","함민복","kr-2022-middle-2-1-visang-parkhyunsook","비상교육","박현숙","1","1","1-2","9국05-04","inferred_unit_alignment","high"
"daily-bread-yang-gwija","일용할 양식","양귀자","kr-2022-middle-2-2-visang-parkhyunsook","비상교육","박현숙","2","1","1-1","9국05-05","inferred_unit_alignment","high"
"heart-shines-shin-suji","하트가 빛나는 순간","신수지","kr-2022-middle-2-2-visang-parkhyunsook","비상교육","박현숙","2","1","1-1","9국05-05","inferred_unit_alignment","high"
"tree-dream-son-taeksu","나무의 꿈","손택수","kr-2022-middle-2-1-visang-parkyoungmin","비상교육","박영민","1","1","1-1","9국05-04","inferred_unit_alignment","high"
"himalaya-cedar-seong-seokje","내가 그린 히말라야시다 그림","성석제","kr-2022-middle-2-1-visang-parkyoungmin","비상교육","박영민","1","1","1-1","9국05-04","inferred_unit_alignment","high"
"distant-future-kim-sowol","먼 후일","김소월","kr-2022-middle-2-1-visang-parkyoungmin","비상교육","박영민","1","4","4-1","9국05-06","inferred_unit_alignment","high"
"first-love-go-jaejong","첫사랑","고재종","kr-2022-middle-2-1-visang-parkyoungmin","비상교육","박영민","1","4","4-1","9국05-06","inferred_unit_alignment","high"
"yangbanjeon-park-jiwon","양반전","박지원","kr-2022-middle-2-1-visang-parkyoungmin","비상교육","박영민","1","4","4-1","9국05-06","inferred_unit_alignment","high"
"ordeal-of-two-generations-ha-geunchan","수난이대","하근찬","kr-2022-middle-2-2-visang-parkyoungmin","비상교육","박영민","2","2","2-1","9국05-05","inferred_unit_alignment","high"
"evening-harbor-ham-giseok","저녁 항구","함기석","kr-2022-middle-2-1-chunjae-nomisuk","천재교과서","노미숙","1","1","1-1","9국05-04","inferred_unit_alignment","high"
"fishy-smell-ham-minbok","비린내라뇨!","함민복","kr-2022-middle-2-1-chunjae-nomisuk","천재교과서","노미숙","1","1","1-1","9국05-04","inferred_unit_alignment","high"
"willow-hongrang","산버들 가리어 꺾어","홍랑","kr-2022-middle-2-1-chunjae-nomisuk","천재교과서","노미숙","1","1","1-1","9국05-04","inferred_unit_alignment","high"
"soccer-ball-cheering-stick-jo-gyumi","축구공과 응원 봉","조규미","kr-2022-middle-2-1-chunjae-nomisuk","천재교과서","노미숙","1","1","1-2","9국05-04","inferred_unit_alignment","high"
"guest-and-mother-ju-yoseop","사랑손님과 어머니","주요섭","kr-2022-middle-2-1-chunjae-nomisuk","천재교과서","노미숙","1","1","1-2","9국05-04","inferred_unit_alignment","high"
"distant-future-kim-sowol","먼 후일","김소월","kr-2022-middle-2-1-chunjae-nomisuk","천재교과서","노미숙","1","4","4-1","9국05-06","inferred_unit_alignment","high"
"camel-lee-janggeun","낙타","이장근","kr-2022-middle-2-1-chunjae-nomisuk","천재교과서","노미숙","1","4","4-1","9국05-06","inferred_unit_alignment","high"
"yangbanjeon-park-jiwon","양반전","박지원","kr-2022-middle-2-1-chunjae-nomisuk","천재교과서","노미숙","1","4","4-1","9국05-06","inferred_unit_alignment","high"
"face-side-dish-gong-gwanggyu","얼굴 반찬","공광규","kr-2022-middle-2-2-chunjae-nomisuk","천재교과서","노미숙","2","1","1-1","9국05-05","inferred_unit_alignment","high"
"ordeal-of-two-generations-ha-geunchan","수난이대","하근찬","kr-2022-middle-2-2-chunjae-nomisuk","천재교과서","노미숙","2","1","1-1","9국05-05","inferred_unit_alignment","high"
"strawberry-lee-jaemu","딸기","이재무","kr-2022-middle-2-1-chunjae-jeonghowoong","천재교과서","정호웅","1","1","1-1","9국05-04","inferred_unit_alignment","high"
"camellia-kim-yujeong","동백꽃","김유정","kr-2022-middle-2-1-chunjae-jeonghowoong","천재교과서","정호웅","1","1","1-2","9국05-04","inferred_unit_alignment","high"
"cornille-secret-daudet","코르니유 영감님의 비밀","알퐁스 도데","kr-2022-middle-2-1-chunjae-jeonghowoong","천재교과서","정호웅","1","1","1-2","9국05-04","inferred_unit_alignment","high"
"flower-thicket-shin-seokjeong","꽃덤불","신석정","kr-2022-middle-2-2-chunjae-jeonghowoong","천재교과서","정호웅","2","1","1-1","9국05-05","inferred_unit_alignment","high"
"hong-gildong-jeon-heo-gyun","홍길동전","허균","kr-2022-middle-2-2-chunjae-jeonghowoong","천재교과서","정호웅","2","1","1-1","9국05-05","inferred_unit_alignment","high"
"pretending-okay-kim-eung","괜찮은 척","김응","kr-2022-middle-2-1-changbi-leedoyoung","창비교육","이도영","1","4","4-1","9국05-06","publisher_explicit","high"
"nine-greater-than-ten-lee-mungu","열보다 큰 아홉","이문구","kr-2022-middle-2-1-changbi-leedoyoung","창비교육","이도영","1","4","4-1","9국05-06","publisher_explicit","high"
"toad-catches-fly-anonymous","두꺼비 파리를 물고","작자 미상","kr-2022-middle-2-1-changbi-leedoyoung","창비교육","이도영","1","4","4-1","9국05-06","publisher_explicit","high"
"hong-gildong-jeon-heo-gyun","홍길동전","허균","kr-2022-middle-2-2-changbi-leedoyoung","창비교육","이도영","2","1","1-2","9국05-05","publisher_explicit","high"
"maybe-oh-eun","어쩌면","오은","kr-2022-middle-2-1-donga-namgungmin","동아출판","남궁민","1","2","2-1","9국05-04","publisher_explicit","high"
"mom-worry-gi-hyeongdo","엄마 걱정","기형도","kr-2022-middle-2-1-donga-namgungmin","동아출판","남궁민","1","2","2-1","9국05-04","publisher_explicit","high"
"camellia-kim-yujeong","동백꽃","김유정","kr-2022-middle-2-1-donga-namgungmin","동아출판","남궁민","1","2","2-2","9국05-04","publisher_explicit","high"
"hey-our-donkeys-aziz-nesin","야, 우리 당나귀들","아지즈 네신","kr-2022-middle-2-1-donga-namgungmin","동아출판","남궁민","1","2","2-2","9국05-04","publisher_explicit","high"
"hyungso-ha-geunchan","흉소","하근찬","kr-2022-middle-2-2-donga-namgungmin","동아출판","남궁민","2","1","1-2","9국05-05","publisher_explicit","high"
"mind-well-yu-byeongrok","마음 우물","유병록","kr-2022-middle-2-2-donga-namgungmin","동아출판","남궁민","2","1","1-2","9국05-05","publisher_explicit","high"
